ID,CLASS,TRUE_CLASS,CORRECT
1031491.jpg,cow,cow,1
7721031.jpg,spider,spider,1
9961588.jpg,horse,horse,1
9365666.jpg,spider,spider,1
1148608.jpg,spider,spider,1
6391610.jpg,cow,cow,1
9566875.jpg,cow,cow,1
7059474.jpg,cow,cow,1
8661247.jpg,horse,horse,1
6169846.jpg,cow,cow,1
9703927.jpg,horse,horse,1
8326489.jpg,horse,horse,1
7754445.jpg,cow,cow,1
3301378.jpg,horse,horse,1
8330980.jpg,cow,cow,1
6744782.jpg,horse,horse,1
1228408.jpg,spider,spider,1
4300228.jpg,cow,cow,1
7311885.jpg,cow,cow,1
6938046.jpg,horse,horse,1
5924881.jpg,spider,spider,1
2274828.jpg,cow,cow,1
5463170.jpg,horse,horse,1
5654770.jpg,elephant,elephant,1
9306100.jpg,spider,spider,1
7611327.jpg,spider,spider,1
7574513.jpg,spider,spider,1
2064315.jpg,spider,spider,1
5470130.jpg,horse,horse,1
1769890.jpg,spider,spider,1
9158601.jpg,cow,cow,1
5344145.jpg,horse,horse,1
3147746.jpg,horse,horse,1
1094373.jpg,spider,spider,1
6181915.jpg,horse,horse,1
3848579.jpg,horse,horse,1
1807417.jpg,horse,horse,1
2325534.jpg,elephant,elephant,1
6449424.jpg,spider,spider,1
2753655.jpg,spider,spider,1
3081113.jpg,spider,spider,1
6478160.jpg,horse,horse,1
7389799.jpg,cow,cow,1
8966535.jpg,elephant,elephant,1
1072621.jpg,horse,horse,1
9701077.jpg,elephant,elephant,1
3595187.jpg,horse,horse,1
3118732.jpg,spider,spider,1
6025292.jpg,cow,cow,1
7801883.jpg,horse,horse,1
2862278.jpg,spider,spider,1
5775392.jpg,horse,horse,1
6579054.jpg,elephant,elephant,1
8299642.jpg,horse,horse,1
5596098.jpg,cow,cow,1
1870477.jpg,spider,spider,1
1296734.jpg,cow,cow,1
4043009.jpg,cow,cow,1
7430973.jpg,elephant,elephant,1
4749794.jpg,elephant,elephant,1
4173647.jpg,spider,spider,1
1801517.jpg,horse,horse,1
8273264.jpg,horse,horse,1
4121129.jpg,elephant,elephant,1
9668956.jpg,horse,horse,1
1336555.jpg,spider,spider,1
9544035.jpg,spider,spider,1
2241716.jpg,elephant,elephant,1
5332039.jpg,spider,spider,1
6701432.jpg,cow,cow,1
6147166.jpg,elephant,elephant,1
7204325.jpg,cow,cow,1
6830553.jpg,cow,cow,1
9929693.jpg,horse,horse,1
5495750.jpg,horse,horse,1
2189883.jpg,horse,horse,1
4489050.jpg,elephant,elephant,1
6744768.jpg,spider,spider,1
7905038.jpg,cow,cow,1
6797524.jpg,horse,horse,1
7278167.jpg,spider,spider,1
2639274.jpg,cow,cow,1
5717884.jpg,spider,spider,1
5973700.jpg,horse,horse,1
2715775.jpg,horse,horse,1
2748472.jpg,horse,horse,1
8093704.jpg,spider,spider,1
4988857.jpg,horse,horse,1
3681201.jpg,horse,horse,1
2965853.jpg,spider,spider,1
4305351.jpg,cow,cow,1
2366975.jpg,spider,spider,1
3407235.jpg,cow,cow,1
1317376.jpg,cow,cow,1
4640175.jpg,horse,horse,1
7674964.jpg,cow,cow,1
1513377.jpg,spider,spider,1
7056020.jpg,spider,spider,1
4092532.jpg,horse,horse,1
9993045.jpg,elephant,elephant,1
2126480.jpg,horse,horse,1
3352084.jpg,cow,cow,1
3269774.jpg,elephant,elephant,1
2997145.jpg,elephant,elephant,1
4020357.jpg,cow,cow,1
3113048.jpg,spider,spider,1
6294033.jpg,cow,cow,1
8238113.jpg,cow,cow,1
1349593.jpg,cow,cow,1
8761285.jpg,elephant,elephant,1
9128939.jpg,horse,horse,1
3189174.jpg,horse,horse,1
9735299.jpg,horse,horse,1
5246427.jpg,spider,spider,1
2335334.jpg,spider,spider,1
7867318.jpg,horse,horse,1
4485250.jpg,horse,horse,1
6318751.jpg,cow,cow,1
9182734.jpg,horse,horse,1
5829829.jpg,horse,horse,1
3616382.jpg,horse,horse,1
2618938.jpg,horse,horse,1
8061989.jpg,spider,spider,1
6346822.jpg,cow,cow,1
6191668.jpg,elephant,elephant,1
3960625.jpg,spider,spider,1
2279300.jpg,cow,cow,1
6934657.jpg,cow,cow,1
7469582.jpg,spider,spider,1
8898763.jpg,horse,horse,1
6477495.jpg,spider,spider,1
2795611.jpg,cow,cow,1
9153179.jpg,horse,horse,1
6621870.jpg,horse,horse,1
5427725.jpg,cow,cow,1
6906154.jpg,horse,horse,1
3542541.jpg,horse,horse,1
1305228.jpg,spider,spider,1
8060881.jpg,elephant,elephant,1
8009002.jpg,cow,cow,1
6058093.jpg,horse,horse,1
2008353.jpg,spider,spider,1
7493214.jpg,elephant,elephant,1
2638785.jpg,spider,spider,1
4394270.jpg,spider,spider,1
4062238.jpg,horse,horse,1
8704999.jpg,spider,spider,1
6136951.jpg,horse,horse,1
2834217.jpg,cow,cow,1
1574926.jpg,spider,spider,1
3618967.jpg,elephant,elephant,1
5731909.jpg,horse,horse,1
2486762.jpg,horse,horse,1
7462979.jpg,elephant,elephant,1
3742880.jpg,spider,spider,1
8611600.jpg,spider,spider,1
2817633.jpg,elephant,elephant,1
2790386.jpg,elephant,elephant,1
9237916.jpg,spider,spider,1
5141247.jpg,horse,horse,1
1962703.jpg,horse,horse,1
6603743.jpg,spider,spider,1
4428475.jpg,horse,horse,1
1610940.jpg,horse,horse,1
1684853.jpg,horse,horse,1
6092567.jpg,cow,cow,1
2279936.jpg,spider,spider,1
3449011.jpg,spider,spider,1
9034518.jpg,horse,horse,1
6933298.jpg,spider,spider,1
1001395.jpg,elephant,elephant,1
5449374.jpg,cow,cow,1
1271147.jpg,horse,horse,1
5181937.jpg,elephant,elephant,1
6434817.jpg,horse,horse,1
8464232.jpg,cow,cow,1
4995583.jpg,horse,horse,1
6347693.jpg,cow,cow,1
8977348.jpg,cow,cow,1
3308000.jpg,cow,cow,1
6673925.jpg,spider,spider,1
8121758.jpg,horse,horse,1
9286110.jpg,horse,horse,1
1847743.jpg,horse,horse,1
9012722.jpg,elephant,elephant,1
5454641.jpg,cow,cow,1
6842850.jpg,cow,cow,1
5357107.jpg,spider,spider,1
5955840.jpg,spider,spider,1
3234048.jpg,cow,cow,1
9232476.jpg,cow,cow,1
7688048.jpg,spider,spider,1
5371739.jpg,spider,spider,1
5903596.jpg,spider,spider,1
7003591.jpg,cow,cow,1
1648653.jpg,spider,spider,1
4452079.jpg,elephant,elephant,1
1997166.jpg,cow,cow,1
4435960.jpg,spider,spider,1
2733941.jpg,horse,horse,1
2737299.jpg,spider,spider,1
6564601.jpg,elephant,elephant,1
5532117.jpg,cow,cow,1
9722727.jpg,spider,spider,1
3844779.jpg,horse,horse,1
9191981.jpg,cow,cow,1
5838060.jpg,horse,horse,1
6444502.jpg,spider,spider,1
5448654.jpg,cow,cow,1
6200127.jpg,cow,cow,1
2741860.jpg,elephant,elephant,1
1685143.jpg,cow,cow,1
4146599.jpg,spider,spider,1
4454418.jpg,cow,cow,1
5398612.jpg,horse,horse,1
1194573.jpg,cow,cow,1
5872431.jpg,cow,cow,1
5345329.jpg,cow,cow,1
7224623.jpg,horse,horse,1
1183972.jpg,spider,spider,1
2167168.jpg,elephant,elephant,1
3358035.jpg,spider,spider,1
5077486.jpg,spider,spider,1
9161657.jpg,cow,cow,1
3279945.jpg,spider,spider,1
9565759.jpg,spider,spider,1
2955161.jpg,horse,horse,1
3247920.jpg,spider,spider,1
3541850.jpg,horse,horse,1
8844779.jpg,horse,horse,1
3845073.jpg,horse,horse,1
8052771.jpg,spider,spider,1
9074312.jpg,spider,spider,1
3792483.jpg,horse,horse,1
4242196.jpg,elephant,elephant,1
9865461.jpg,cow,cow,1
7039972.jpg,spider,spider,1
8640847.jpg,elephant,elephant,1
8167709.jpg,elephant,elephant,1
5565315.jpg,cow,cow,1
7586185.jpg,horse,horse,1
4851062.jpg,cow,cow,1
7485671.jpg,horse,horse,1
4636621.jpg,spider,spider,1
7110847.jpg,elephant,elephant,1
8872787.jpg,spider,spider,1
2337446.jpg,elephant,elephant,1
3185171.jpg,spider,spider,1
6311610.jpg,cow,cow,1
2467764.jpg,spider,spider,1
4619832.jpg,horse,horse,1
5245739.jpg,elephant,elephant,1
7908679.jpg,cow,cow,1
8076348.jpg,horse,horse,1
6576407.jpg,spider,spider,1
6227413.jpg,cow,cow,1
2441984.jpg,spider,spider,1
2225095.jpg,spider,spider,1
7220733.jpg,spider,spider,1
4287962.jpg,horse,horse,1
7448818.jpg,cow,cow,1
4785372.jpg,cow,cow,1
5262344.jpg,spider,spider,1
7484220.jpg,spider,spider,1
8799458.jpg,cow,cow,1
2996467.jpg,spider,spider,1
9997423.jpg,elephant,elephant,1
2714069.jpg,cow,cow,1
6143845.jpg,cow,cow,1
4590739.jpg,horse,horse,1
5483691.jpg,cow,cow,1
5351598.jpg,cow,cow,1
2273946.jpg,cow,cow,1
1873408.jpg,horse,horse,1
6434351.jpg,elephant,elephant,1
9312990.jpg,horse,horse,1
2078883.jpg,spider,spider,1
4510475.jpg,cow,cow,1
8323131.jpg,cow,cow,1
8860816.jpg,elephant,elephant,1
8773297.jpg,horse,horse,1
4740588.jpg,horse,horse,1
2235708.jpg,cow,cow,1
5243639.jpg,horse,horse,1
9829695.jpg,horse,horse,1
6345724.jpg,horse,horse,1
3299085.jpg,spider,spider,1
8634692.jpg,spider,spider,1
7929305.jpg,spider,spider,1
1038920.jpg,cow,cow,1
3389296.jpg,spider,spider,1
7177361.jpg,spider,spider,1
1785022.jpg,cow,cow,1
9735048.jpg,elephant,elephant,1
2688877.jpg,spider,spider,1
7900620.jpg,elephant,elephant,1
9825871.jpg,horse,horse,1
5518248.jpg,spider,spider,1
3079532.jpg,spider,spider,1
4830099.jpg,spider,spider,1
8551475.jpg,spider,spider,1
6341191.jpg,elephant,elephant,1
2467188.jpg,horse,horse,1
2650950.jpg,cow,cow,1
6434033.jpg,horse,horse,1
7838630.jpg,spider,spider,1
1330730.jpg,cow,cow,1
6629019.jpg,spider,spider,1
9300945.jpg,cow,cow,1
7817809.jpg,horse,horse,1
7568315.jpg,horse,horse,1
1904292.jpg,cow,cow,1
7157448.jpg,cow,cow,1
8194286.jpg,spider,spider,1
6990332.jpg,horse,horse,1
9964350.jpg,spider,spider,1
5452357.jpg,elephant,elephant,1
5980854.jpg,spider,spider,1
3335225.jpg,horse,horse,1
6957453.jpg,cow,cow,1
3246546.jpg,elephant,elephant,1
6139292.jpg,spider,spider,1
4118425.jpg,horse,horse,1
8337797.jpg,elephant,elephant,1
8516516.jpg,horse,horse,1
2805027.jpg,elephant,elephant,1
7259754.jpg,elephant,elephant,1
7122438.jpg,spider,spider,1
5087825.jpg,horse,horse,1
3053050.jpg,horse,horse,1
5673533.jpg,spider,spider,1
4829131.jpg,horse,horse,1
7407467.jpg,horse,horse,1
6902526.jpg,spider,spider,1
7447533.jpg,spider,spider,1
8045742.jpg,spider,spider,1
3004336.jpg,horse,horse,1
2546742.jpg,spider,spider,1
7575556.jpg,cow,cow,1
6250698.jpg,cow,cow,1
6687479.jpg,elephant,elephant,1
6259695.jpg,elephant,elephant,1
5497383.jpg,spider,spider,1
6700517.jpg,elephant,elephant,1
2552722.jpg,horse,horse,1
7837312.jpg,spider,spider,1
9164498.jpg,spider,spider,1
9640007.jpg,horse,horse,1
6018842.jpg,elephant,elephant,1
2009506.jpg,horse,horse,1
9560347.jpg,horse,horse,1
7762044.jpg,elephant,elephant,1
3422649.jpg,spider,spider,1
8503708.jpg,horse,horse,1
2337875.jpg,horse,horse,1
1401372.jpg,elephant,elephant,1
7439205.jpg,horse,horse,1
5990501.jpg,elephant,elephant,1
7882740.jpg,elephant,elephant,1
5932822.jpg,spider,spider,1
3505962.jpg,cow,cow,1
6485770.jpg,cow,cow,1
5946812.jpg,horse,horse,1
6678080.jpg,spider,spider,1
5333530.jpg,cow,cow,1
5909095.jpg,cow,cow,1
9467776.jpg,cow,cow,1
5634725.jpg,horse,horse,1
8881235.jpg,cow,cow,1
4487130.jpg,cow,cow,1
2307197.jpg,cow,cow,1
8464618.jpg,elephant,elephant,1
4006430.jpg,horse,horse,1
6324050.jpg,spider,spider,1
3865772.jpg,cow,cow,1
4908539.jpg,spider,spider,1
2313445.jpg,horse,horse,1
6753952.jpg,elephant,elephant,1
3264255.jpg,horse,horse,1
7682921.jpg,horse,horse,1
5526856.jpg,spider,spider,1
2337219.jpg,horse,horse,1
6253240.jpg,horse,horse,1
1378704.jpg,cow,cow,1
1407374.jpg,cow,cow,1
4417961.jpg,horse,horse,1
5619377.jpg,spider,spider,1
2412573.jpg,horse,horse,1
9107789.jpg,spider,spider,1
5646883.jpg,spider,spider,1
7996356.jpg,spider,spider,1
9836458.jpg,spider,spider,1
9080180.jpg,spider,spider,1
8651132.jpg,cow,cow,1
9423621.jpg,spider,spider,1
4155594.jpg,elephant,elephant,1
1109421.jpg,spider,spider,1
2763859.jpg,horse,horse,1
6249783.jpg,spider,spider,1
9690490.jpg,horse,horse,1
2347271.jpg,horse,horse,1
9761455.jpg,elephant,elephant,1
8521492.jpg,spider,spider,1
4952320.jpg,horse,horse,1
6206902.jpg,spider,spider,1
3759185.jpg,spider,spider,1
6695351.jpg,cow,cow,1
4246418.jpg,spider,spider,1
2759327.jpg,spider,spider,1
8174923.jpg,elephant,elephant,1
9439916.jpg,spider,spider,1
7605523.jpg,cow,cow,1
9804788.jpg,horse,horse,1
8905967.jpg,elephant,elephant,1
5518166.jpg,elephant,elephant,1
4282880.jpg,elephant,elephant,1
5624627.jpg,spider,spider,1
9262988.jpg,horse,horse,1
2083102.jpg,elephant,elephant,1
4805697.jpg,horse,horse,1
7535841.jpg,elephant,elephant,1
7197781.jpg,horse,horse,1
7986780.jpg,elephant,elephant,1
7877976.jpg,cow,cow,1
3202000.jpg,elephant,elephant,1
1784198.jpg,spider,spider,1
1351546.jpg,cow,cow,1
3223971.jpg,spider,spider,1
3278975.jpg,horse,horse,1
6261422.jpg,cow,cow,1
4629942.jpg,spider,spider,1
8590476.jpg,spider,spider,1
7779402.jpg,spider,spider,1
4925546.jpg,cow,cow,1
2185572.jpg,horse,horse,1
1886427.jpg,cow,cow,1
3410879.jpg,spider,spider,1
9285451.jpg,horse,horse,1
4843358.jpg,spider,spider,1
7052621.jpg,cow,cow,1
8365868.jpg,cow,cow,1
8120354.jpg,horse,horse,1
1077075.jpg,horse,horse,1
2909849.jpg,horse,horse,1
9954828.jpg,spider,spider,1
8308312.jpg,spider,spider,1
8107714.jpg,horse,horse,1
1299699.jpg,cow,cow,1
3086622.jpg,horse,horse,1
7959877.jpg,cow,cow,1
8512878.jpg,spider,spider,1
8378144.jpg,cow,cow,1
8785202.jpg,horse,horse,1
8391080.jpg,spider,spider,1
5700586.jpg,elephant,elephant,1
5454796.jpg,elephant,elephant,1
3721981.jpg,horse,horse,1
2922548.jpg,spider,spider,1
3541773.jpg,spider,spider,1
2448330.jpg,horse,horse,1
7254377.jpg,elephant,elephant,1
2267611.jpg,horse,horse,1
9276308.jpg,spider,spider,1
1045164.jpg,spider,spider,1
4511108.jpg,spider,spider,1
5915141.jpg,spider,spider,1
4193673.jpg,elephant,elephant,1
3759386.jpg,horse,horse,1
7394386.jpg,horse,horse,1
2343214.jpg,cow,cow,1
3629107.jpg,horse,horse,1
3967117.jpg,spider,spider,1
1474416.jpg,elephant,elephant,1
1198885.jpg,horse,horse,1
1101518.jpg,elephant,elephant,1
8331154.jpg,horse,horse,1
1739586.jpg,spider,spider,1
7336914.jpg,spider,spider,1
9273728.jpg,cow,cow,1
2482822.jpg,cow,cow,1
8022810.jpg,cow,cow,1
5623771.jpg,spider,spider,1
5476938.jpg,horse,horse,1
5418039.jpg,spider,spider,1
5752836.jpg,cow,cow,1
5260332.jpg,elephant,elephant,1
5228438.jpg,spider,spider,1
2858796.jpg,spider,spider,1
7693608.jpg,cow,cow,1
2243564.jpg,cow,cow,1
6406794.jpg,horse,horse,1
5874740.jpg,spider,spider,1
1563430.jpg,horse,horse,1
7014931.jpg,horse,horse,1
2056462.jpg,cow,cow,1
7621284.jpg,spider,spider,1
8555338.jpg,horse,horse,1
8090293.jpg,cow,cow,1
8073120.jpg,elephant,elephant,1
3659186.jpg,horse,horse,1
2023758.jpg,horse,horse,1
2010392.jpg,horse,cow,0
5898065.jpg,cow,cow,1
3674014.jpg,spider,spider,1
8139808.jpg,cow,cow,1
1274277.jpg,spider,spider,1
7686198.jpg,spider,spider,1
8800161.jpg,horse,horse,1
6442263.jpg,spider,spider,1
4704391.jpg,spider,spider,1
7180017.jpg,cow,cow,1
7688176.jpg,elephant,elephant,1
4829197.jpg,horse,horse,1
2768674.jpg,spider,spider,1
7941009.jpg,elephant,elephant,1
8146206.jpg,spider,spider,1
9428401.jpg,horse,horse,1
1405399.jpg,elephant,elephant,1
8896315.jpg,horse,horse,1
4588677.jpg,spider,spider,1
3185671.jpg,cow,cow,1
6396080.jpg,horse,horse,1
5381912.jpg,horse,horse,1
4335620.jpg,elephant,elephant,1
8470580.jpg,horse,horse,1
5196232.jpg,spider,spider,1
8867449.jpg,spider,spider,1
2024427.jpg,spider,spider,1
6273024.jpg,spider,spider,1
6156553.jpg,cow,cow,1
5848457.jpg,spider,spider,1
6798273.jpg,horse,horse,1
3508984.jpg,horse,horse,1
1805705.jpg,spider,spider,1
1117219.jpg,horse,horse,1
4163346.jpg,spider,spider,1
1369025.jpg,horse,horse,1
5870137.jpg,cow,cow,1
4281421.jpg,spider,spider,1
6316130.jpg,elephant,elephant,1
5084435.jpg,cow,cow,1
1434390.jpg,horse,horse,1
8929525.jpg,horse,horse,1
9206001.jpg,cow,cow,1
7060690.jpg,horse,horse,1
6147674.jpg,horse,horse,1
7200876.jpg,spider,spider,1
2563029.jpg,spider,spider,1
5863375.jpg,cow,cow,1
9353799.jpg,cow,cow,1
5262068.jpg,spider,spider,1
6082460.jpg,cow,cow,1
1498668.jpg,elephant,elephant,1
6743715.jpg,elephant,elephant,1
9871275.jpg,cow,cow,1
6526647.jpg,cow,cow,1
8068267.jpg,spider,spider,1
8294070.jpg,spider,spider,1
1697285.jpg,horse,horse,1
6521100.jpg,elephant,elephant,1
8010492.jpg,spider,spider,1
1003697.jpg,horse,horse,1
9308158.jpg,spider,spider,1
7883598.jpg,spider,spider,1
9021599.jpg,spider,spider,1
1987470.jpg,spider,spider,1
8368552.jpg,horse,horse,1
9145023.jpg,spider,spider,1
3630864.jpg,horse,horse,1
6363356.jpg,elephant,elephant,1
7349696.jpg,cow,cow,1
9134369.jpg,cow,cow,1
7457156.jpg,elephant,elephant,1
3895369.jpg,horse,horse,1
5767654.jpg,elephant,elephant,1
9315492.jpg,horse,horse,1
6613485.jpg,elephant,elephant,1
8618054.jpg,elephant,elephant,1
5947189.jpg,spider,spider,1
7781580.jpg,horse,horse,1
3126915.jpg,horse,horse,1
7602869.jpg,horse,horse,1
6686868.jpg,cow,cow,1
3346903.jpg,horse,horse,1
6121867.jpg,elephant,elephant,1
4121978.jpg,horse,horse,1
7674082.jpg,horse,horse,1
1528391.jpg,spider,spider,1
6994134.jpg,horse,horse,1
4209916.jpg,horse,horse,1
3562393.jpg,spider,spider,1
5013836.jpg,horse,horse,1
7626277.jpg,cow,cow,1
4319052.jpg,elephant,elephant,1
3063939.jpg,spider,spider,1
3630690.jpg,horse,horse,1
8526489.jpg,horse,horse,1
5117463.jpg,spider,spider,1
2060894.jpg,elephant,elephant,1
4801805.jpg,elephant,elephant,1
6029630.jpg,cow,cow,1
7455433.jpg,horse,horse,1
3632124.jpg,elephant,elephant,1
3407641.jpg,cow,cow,1
2359673.jpg,spider,spider,1
6069599.jpg,elephant,elephant,1
4042617.jpg,horse,horse,1
6413559.jpg,cow,cow,1
8275895.jpg,spider,spider,1
7774121.jpg,spider,spider,1
6895389.jpg,horse,horse,1
2853995.jpg,cow,cow,1
5412459.jpg,cow,cow,1
8520365.jpg,horse,horse,1
7040791.jpg,spider,spider,1
7514645.jpg,cow,cow,1
1132076.jpg,cow,cow,1
7940662.jpg,cow,cow,1
1442028.jpg,horse,horse,1
2433381.jpg,cow,cow,1
5360531.jpg,cow,cow,1
6835842.jpg,horse,horse,1
5399194.jpg,cow,cow,1
8392997.jpg,cow,cow,1
5000254.jpg,cow,cow,1
5277070.jpg,spider,spider,1
6006413.jpg,elephant,elephant,1
5709995.jpg,horse,horse,1
3407330.jpg,spider,spider,1
4254594.jpg,elephant,elephant,1
3332649.jpg,cow,cow,1
7446894.jpg,horse,horse,1
2032282.jpg,spider,spider,1
8985379.jpg,horse,horse,1
3659223.jpg,spider,spider,1
5933037.jpg,horse,horse,1
1736937.jpg,spider,spider,1
4472244.jpg,cow,cow,1
1397659.jpg,spider,spider,1
1771895.jpg,horse,horse,1
4319696.jpg,elephant,elephant,1
6709779.jpg,horse,horse,1
7031419.jpg,elephant,elephant,1
2275429.jpg,spider,spider,1
3094546.jpg,cow,cow,1
1674906.jpg,spider,spider,1
3756312.jpg,spider,spider,1
4652879.jpg,spider,spider,1
7034549.jpg,spider,spider,1
5321785.jpg,horse,horse,1
9571028.jpg,spider,spider,1
8012280.jpg,cow,cow,1
2135664.jpg,spider,spider,1
1389507.jpg,horse,horse,1
3494160.jpg,cow,cow,1
7327374.jpg,elephant,elephant,1
9878526.jpg,elephant,elephant,1
9431544.jpg,horse,horse,1
5978618.jpg,cow,cow,1
9364050.jpg,cow,cow,1
7596257.jpg,horse,horse,1
6663359.jpg,spider,spider,1
1048308.jpg,horse,horse,1
3230300.jpg,spider,spider,1
2348192.jpg,cow,cow,1
5480502.jpg,horse,horse,1
6133286.jpg,horse,horse,1
8069342.jpg,horse,horse,1
1179328.jpg,elephant,elephant,1
9492748.jpg,cow,cow,1
3724431.jpg,spider,spider,1
8017878.jpg,spider,spider,1
2530919.jpg,cow,cow,1
6110477.jpg,cow,cow,1
9719099.jpg,spider,spider,1
1339944.jpg,horse,horse,1
4216162.jpg,horse,horse,1
3565416.jpg,horse,horse,1
8330266.jpg,cow,cow,1
4537487.jpg,cow,cow,1
7105392.jpg,cow,cow,1
3710755.jpg,horse,horse,1
8002278.jpg,cow,cow,1
5277847.jpg,cow,cow,1
8213483.jpg,cow,cow,1
9148070.jpg,horse,horse,1
1628464.jpg,cow,cow,1
6801306.jpg,elephant,elephant,1
9511319.jpg,cow,cow,1
8714682.jpg,cow,cow,1
6420027.jpg,horse,horse,1
2184085.jpg,cow,cow,1
3580473.jpg,horse,horse,1
5980374.jpg,cow,cow,1
1566572.jpg,spider,spider,1
3181773.jpg,horse,horse,1
8380943.jpg,spider,spider,1
7330811.jpg,cow,cow,1
2806411.jpg,cow,cow,1
5595643.jpg,spider,spider,1
9368683.jpg,cow,cow,1
8213656.jpg,spider,spider,1
9282272.jpg,cow,cow,1
5201325.jpg,spider,spider,1
5048789.jpg,spider,spider,1
5100097.jpg,horse,horse,1
1579254.jpg,cow,cow,1
9636497.jpg,spider,spider,1
6980585.jpg,horse,horse,1
3157269.jpg,horse,horse,1
5038246.jpg,horse,horse,1
1339371.jpg,cow,cow,1
8233425.jpg,cow,cow,1
8758932.jpg,elephant,elephant,1
4685138.jpg,cow,cow,1
6092700.jpg,horse,horse,1
8255987.jpg,horse,horse,1
2547601.jpg,spider,spider,1
6033680.jpg,elephant,elephant,1
2354803.jpg,cow,cow,1
2611602.jpg,spider,spider,1
9629789.jpg,horse,horse,1
1426220.jpg,cow,cow,1
9358387.jpg,spider,spider,1
2224314.jpg,spider,spider,1
3707375.jpg,spider,spider,1
2208832.jpg,spider,spider,1
6440658.jpg,cow,cow,1
6701864.jpg,cow,cow,1
3913902.jpg,cow,cow,1
5372678.jpg,cow,horse,0
4570109.jpg,spider,spider,1
2997081.jpg,cow,cow,1
1335946.jpg,horse,horse,1
9839632.jpg,spider,spider,1
2785922.jpg,cow,cow,1
8393453.jpg,spider,spider,1
6374764.jpg,spider,spider,1
9852904.jpg,spider,spider,1
7579483.jpg,horse,horse,1
9434749.jpg,horse,horse,1
2858626.jpg,horse,horse,1
7134990.jpg,spider,spider,1
2152788.jpg,horse,horse,1
8347414.jpg,spider,spider,1
4373470.jpg,elephant,elephant,1
7559586.jpg,horse,horse,1
8335096.jpg,cow,cow,1
1152582.jpg,elephant,elephant,1
3581354.jpg,spider,spider,1
2732582.jpg,elephant,elephant,1
6839263.jpg,horse,horse,1
9778128.jpg,cow,cow,1
1295139.jpg,horse,horse,1
7679956.jpg,spider,spider,1
2566962.jpg,horse,horse,1
3047696.jpg,spider,spider,1
6277899.jpg,horse,horse,1
8008595.jpg,horse,horse,1
9911593.jpg,horse,horse,1
2198863.jpg,horse,horse,1
7440835.jpg,spider,spider,1
8941714.jpg,cow,cow,1
4833725.jpg,horse,horse,1
4532924.jpg,elephant,elephant,1
2171970.jpg,spider,spider,1
2898589.jpg,cow,cow,1
3002692.jpg,cow,cow,1
5356693.jpg,spider,spider,1
7758224.jpg,cow,cow,1
5329084.jpg,horse,horse,1
9467517.jpg,cow,cow,1
1268249.jpg,cow,cow,1
8757779.jpg,spider,spider,1
9817451.jpg,horse,horse,1
8289580.jpg,cow,cow,1
7739157.jpg,horse,horse,1
9026955.jpg,spider,spider,1
7402160.jpg,horse,horse,1
8639907.jpg,horse,horse,1
9428231.jpg,horse,horse,1
5729530.jpg,horse,horse,1
7419232.jpg,spider,spider,1
7238931.jpg,cow,cow,1
8322646.jpg,spider,spider,1
4131231.jpg,elephant,elephant,1
6963564.jpg,cow,cow,1
5012058.jpg,cow,cow,1
1551107.jpg,cow,cow,1
8693093.jpg,cow,cow,1
2906838.jpg,spider,spider,1
1055196.jpg,spider,spider,1
6137978.jpg,horse,horse,1
8317158.jpg,spider,spider,1
1311744.jpg,spider,spider,1
7620386.jpg,cow,cow,1
1708948.jpg,elephant,elephant,1
9033182.jpg,horse,horse,1
9151713.jpg,horse,horse,1
8867084.jpg,horse,horse,1
5991922.jpg,cow,cow,1
1245856.jpg,horse,horse,1
7302139.jpg,horse,horse,1
1611799.jpg,cow,cow,1
8502256.jpg,horse,horse,1
2304427.jpg,horse,horse,1
4464548.jpg,cow,cow,1
3555861.jpg,cow,cow,1
8981307.jpg,spider,spider,1
1726914.jpg,cow,cow,1
5427837.jpg,horse,horse,1
2089142.jpg,elephant,elephant,1
4135321.jpg,spider,spider,1
9077677.jpg,spider,spider,1
6689163.jpg,horse,horse,1
3166735.jpg,spider,spider,1
6705159.jpg,horse,horse,1
4452830.jpg,elephant,elephant,1
5683122.jpg,cow,cow,1
9630983.jpg,horse,horse,1
3316256.jpg,cow,cow,1
4224257.jpg,elephant,elephant,1
9863040.jpg,horse,horse,1
7688395.jpg,spider,spider,1
8883074.jpg,spider,spider,1
5556572.jpg,cow,cow,1
4135651.jpg,spider,spider,1
6742762.jpg,cow,cow,1
1800845.jpg,horse,horse,1
5104772.jpg,horse,horse,1
5633390.jpg,cow,cow,1
5537628.jpg,elephant,elephant,1
1055961.jpg,cow,cow,1
7914215.jpg,elephant,elephant,1
6276619.jpg,horse,horse,1
9811819.jpg,horse,horse,1
7688343.jpg,spider,spider,1
5279046.jpg,horse,horse,1
8304092.jpg,elephant,elephant,1
9653766.jpg,spider,spider,1
6824014.jpg,horse,horse,1
6942385.jpg,cow,cow,1
7485608.jpg,cow,cow,1
3818641.jpg,spider,spider,1
2685708.jpg,elephant,elephant,1
3932916.jpg,spider,spider,1
5856449.jpg,cow,cow,1
7051447.jpg,spider,spider,1
8948853.jpg,cow,cow,1
9638448.jpg,horse,horse,1
6632938.jpg,horse,horse,1
7711562.jpg,cow,cow,1
1302473.jpg,horse,horse,1
8107721.jpg,elephant,elephant,1
9016277.jpg,horse,horse,1
8719988.jpg,spider,spider,1
7570871.jpg,spider,spider,1
8094613.jpg,spider,spider,1
6832474.jpg,cow,cow,1
6451566.jpg,cow,cow,1
6972736.jpg,horse,horse,1
9162455.jpg,spider,spider,1
8772052.jpg,horse,horse,1
7995469.jpg,horse,horse,1
1220956.jpg,spider,spider,1
2465297.jpg,horse,horse,1
3391270.jpg,elephant,elephant,1
8861351.jpg,elephant,elephant,1
7786018.jpg,horse,horse,1
4696997.jpg,cow,cow,1
7726251.jpg,spider,spider,1
9564204.jpg,elephant,elephant,1
4821463.jpg,horse,horse,1
1855528.jpg,cow,cow,1
6600829.jpg,horse,horse,1
3836423.jpg,horse,horse,1
7138793.jpg,horse,cow,0
8612598.jpg,horse,horse,1
1052834.jpg,cow,cow,1
8244529.jpg,spider,spider,1
7994549.jpg,spider,spider,1
9793436.jpg,elephant,elephant,1
2223264.jpg,spider,spider,1
4403061.jpg,cow,cow,1
8337538.jpg,cow,cow,1
8092882.jpg,elephant,elephant,1
9052031.jpg,spider,spider,1
8912624.jpg,cow,cow,1
6600381.jpg,cow,cow,1
1017401.jpg,cow,cow,1
3478448.jpg,spider,spider,1
7064775.jpg,elephant,elephant,1
6513421.jpg,horse,horse,1
2463343.jpg,elephant,elephant,1
1158300.jpg,spider,spider,1
3727690.jpg,horse,horse,1
1530539.jpg,horse,horse,1
8967285.jpg,horse,horse,1
5187281.jpg,spider,spider,1
1913999.jpg,horse,horse,1
8802353.jpg,horse,horse,1
9063588.jpg,cow,cow,1
5535613.jpg,elephant,elephant,1
3857949.jpg,cow,cow,1
1043085.jpg,cow,cow,1
3514221.jpg,horse,horse,1
4211827.jpg,horse,horse,1
7377994.jpg,horse,horse,1
7173586.jpg,cow,cow,1
2659503.jpg,elephant,elephant,1
3791734.jpg,spider,spider,1
6878423.jpg,cow,cow,1
9851634.jpg,elephant,elephant,1
5383513.jpg,cow,cow,1
2159002.jpg,spider,spider,1
5579182.jpg,spider,spider,1
5431105.jpg,spider,spider,1
7684157.jpg,spider,spider,1
9119783.jpg,elephant,elephant,1
8551625.jpg,elephant,elephant,1
9383163.jpg,cow,cow,1
5403821.jpg,horse,horse,1
6464332.jpg,spider,spider,1
9518939.jpg,elephant,elephant,1
5639330.jpg,spider,spider,1
8512697.jpg,spider,spider,1
6510504.jpg,elephant,elephant,1
3294281.jpg,horse,horse,1
9107378.jpg,horse,horse,1
7764114.jpg,spider,spider,1
4758356.jpg,spider,spider,1
4755672.jpg,spider,spider,1
3750785.jpg,spider,spider,1
3196162.jpg,spider,spider,1
6731994.jpg,spider,spider,1
2078392.jpg,spider,spider,1
9389089.jpg,cow,cow,1
2559829.jpg,spider,spider,1
7940849.jpg,elephant,elephant,1
2861718.jpg,horse,horse,1
3839882.jpg,horse,horse,1
8732058.jpg,spider,spider,1
6640610.jpg,spider,spider,1
1135715.jpg,horse,horse,1
8713082.jpg,cow,cow,1
6753650.jpg,horse,cow,0
7165291.jpg,spider,spider,1
4266516.jpg,horse,horse,1
4478215.jpg,cow,cow,1
3835075.jpg,horse,horse,1
8796076.jpg,cow,cow,1
1772837.jpg,spider,spider,1
6517068.jpg,horse,horse,1
6128047.jpg,spider,spider,1
8070780.jpg,horse,horse,1
6046211.jpg,horse,horse,1
7321669.jpg,spider,spider,1
2531969.jpg,horse,horse,1
3668233.jpg,horse,horse,1
2678309.jpg,elephant,elephant,1
2495775.jpg,elephant,elephant,1
7670174.jpg,spider,spider,1
6247606.jpg,horse,horse,1
1450838.jpg,spider,spider,1
1266109.jpg,elephant,elephant,1
2004264.jpg,cow,cow,1
8969849.jpg,spider,spider,1
9703378.jpg,horse,horse,1
4580021.jpg,elephant,elephant,1
8631785.jpg,horse,horse,1
6753533.jpg,cow,cow,1
9611191.jpg,elephant,elephant,1
9197839.jpg,horse,horse,1
6906117.jpg,spider,spider,1
6055457.jpg,horse,horse,1
6281872.jpg,cow,cow,1
5900963.jpg,spider,spider,1
7061430.jpg,horse,horse,1
1092636.jpg,spider,spider,1
1568579.jpg,horse,horse,1
8370472.jpg,cow,cow,1
2082161.jpg,cow,cow,1
3626955.jpg,spider,spider,1
2107157.jpg,spider,spider,1
4924083.jpg,spider,spider,1
9591259.jpg,horse,horse,1
8138115.jpg,spider,spider,1
1311020.jpg,spider,spider,1
3283313.jpg,elephant,elephant,1
5113436.jpg,spider,spider,1
8245620.jpg,cow,cow,1
4272359.jpg,spider,spider,1
5848258.jpg,cow,cow,1
8210609.jpg,spider,spider,1
9615122.jpg,spider,spider,1
2905466.jpg,cow,cow,1
9753611.jpg,cow,cow,1
4606808.jpg,spider,spider,1
3871780.jpg,horse,horse,1
4828652.jpg,spider,spider,1
1661091.jpg,spider,spider,1
2093518.jpg,horse,horse,1
2414680.jpg,spider,spider,1
7470282.jpg,cow,cow,1
7810841.jpg,horse,horse,1
8042130.jpg,elephant,elephant,1
2129735.jpg,cow,cow,1
8872114.jpg,elephant,elephant,1
1399278.jpg,elephant,elephant,1
9041089.jpg,spider,spider,1
3954712.jpg,elephant,elephant,1
4869352.jpg,spider,spider,1
1754566.jpg,horse,horse,1
4502634.jpg,spider,spider,1
4313576.jpg,spider,spider,1
3182516.jpg,spider,spider,1
7583108.jpg,spider,spider,1
1686420.jpg,cow,cow,1
9917894.jpg,cow,cow,1
6981040.jpg,cow,cow,1
4686215.jpg,horse,horse,1
1318564.jpg,horse,horse,1
4108893.jpg,cow,cow,1
9676654.jpg,spider,spider,1
4426027.jpg,horse,cow,0
1979012.jpg,cow,cow,1
5229500.jpg,spider,spider,1
2282644.jpg,horse,horse,1
4929602.jpg,spider,spider,1
7417621.jpg,elephant,elephant,1
8037183.jpg,cow,cow,1
7451648.jpg,horse,horse,1
4479494.jpg,cow,cow,1
2095545.jpg,horse,horse,1
9151107.jpg,horse,horse,1
4402973.jpg,horse,horse,1
6365460.jpg,cow,cow,1
2298998.jpg,cow,cow,1
3720515.jpg,cow,cow,1
3490252.jpg,spider,spider,1
9845903.jpg,cow,cow,1
6473071.jpg,horse,horse,1
5353125.jpg,spider,spider,1
2966927.jpg,elephant,elephant,1
9128188.jpg,cow,cow,1
3851508.jpg,spider,spider,1
9772963.jpg,horse,horse,1
4835767.jpg,cow,cow,1
7571956.jpg,cow,cow,1
2803629.jpg,spider,spider,1
9565257.jpg,spider,spider,1
7417379.jpg,spider,spider,1
4544265.jpg,spider,spider,1
8757160.jpg,spider,spider,1
7582835.jpg,spider,spider,1
6019261.jpg,horse,horse,1
1169047.jpg,horse,horse,1
4220221.jpg,horse,horse,1
7815124.jpg,horse,horse,1
7096335.jpg,horse,horse,1
4782339.jpg,spider,spider,1
1100973.jpg,horse,horse,1
5066873.jpg,cow,cow,1
5855422.jpg,horse,horse,1
4203406.jpg,spider,spider,1
9612700.jpg,cow,cow,1
7550033.jpg,spider,spider,1
4419639.jpg,horse,horse,1
9623293.jpg,cow,cow,1
8279731.jpg,spider,spider,1
5174537.jpg,horse,horse,1
5101816.jpg,cow,cow,1
3642144.jpg,horse,horse,1
6149655.jpg,spider,spider,1
8517714.jpg,spider,spider,1
5216861.jpg,horse,horse,1
1217050.jpg,spider,spider,1
2893987.jpg,cow,cow,1
9249083.jpg,horse,horse,1
7464180.jpg,horse,horse,1
9489942.jpg,cow,cow,1
6559882.jpg,spider,spider,1
9857453.jpg,cow,cow,1
8087899.jpg,cow,cow,1
2414285.jpg,spider,spider,1
1216560.jpg,spider,spider,1
1018287.jpg,elephant,elephant,1
6524048.jpg,cow,cow,1
9827003.jpg,spider,spider,1
3333166.jpg,horse,horse,1
1558497.jpg,spider,spider,1
1688430.jpg,cow,cow,1
8359797.jpg,horse,horse,1
1794019.jpg,cow,cow,1
7513254.jpg,spider,spider,1
7911960.jpg,horse,horse,1
3876015.jpg,spider,spider,1
9353434.jpg,horse,horse,1
4449807.jpg,cow,cow,1
6497916.jpg,elephant,elephant,1
4588083.jpg,spider,spider,1
9011640.jpg,cow,cow,1
8113418.jpg,horse,horse,1
9335982.jpg,spider,spider,1
6128644.jpg,spider,spider,1
9600264.jpg,cow,cow,1
4285059.jpg,horse,horse,1
6544555.jpg,horse,horse,1
1010432.jpg,spider,spider,1
2911402.jpg,elephant,elephant,1
2149015.jpg,cow,cow,1
7920771.jpg,cow,cow,1
5731346.jpg,elephant,elephant,1
2042168.jpg,spider,spider,1
1631855.jpg,horse,horse,1
1819256.jpg,horse,horse,1
9330146.jpg,horse,horse,1
1039075.jpg,spider,spider,1
8352373.jpg,cow,cow,1
7782078.jpg,spider,spider,1
9905934.jpg,cow,cow,1
1931519.jpg,spider,spider,1
5975323.jpg,spider,spider,1
6297024.jpg,cow,cow,1
4988811.jpg,spider,spider,1
9569056.jpg,cow,cow,1
8442850.jpg,cow,cow,1
5465585.jpg,cow,cow,1
7134436.jpg,horse,horse,1
6341338.jpg,horse,horse,1
5025424.jpg,horse,horse,1
5068524.jpg,horse,horse,1
5876616.jpg,spider,spider,1
6368027.jpg,spider,spider,1
4018467.jpg,elephant,elephant,1
8684930.jpg,elephant,elephant,1
2541457.jpg,spider,spider,1
2876114.jpg,spider,spider,1
5674578.jpg,spider,spider,1
6666404.jpg,spider,spider,1
2743429.jpg,cow,cow,1
2604762.jpg,horse,horse,1
3227065.jpg,elephant,elephant,1
2996143.jpg,horse,horse,1
6827928.jpg,elephant,elephant,1
2160068.jpg,spider,spider,1
4658436.jpg,cow,cow,1
7817903.jpg,elephant,elephant,1
6160762.jpg,cow,cow,1
5316308.jpg,cow,cow,1
6272490.jpg,cow,cow,1
1157141.jpg,spider,spider,1
7731477.jpg,horse,horse,1
9848968.jpg,cow,cow,1
8760730.jpg,horse,horse,1
9795692.jpg,spider,spider,1
1674528.jpg,spider,spider,1
9701971.jpg,cow,cow,1
8552060.jpg,horse,horse,1
4048668.jpg,horse,horse,1
7804995.jpg,cow,cow,1
8831173.jpg,horse,horse,1
2003096.jpg,spider,spider,1
9216989.jpg,horse,horse,1
7723099.jpg,horse,horse,1
4366262.jpg,cow,cow,1
7469128.jpg,horse,horse,1
5329884.jpg,elephant,elephant,1
5209598.jpg,horse,horse,1
5498743.jpg,spider,spider,1
9561027.jpg,horse,horse,1
3611245.jpg,cow,cow,1
1093116.jpg,spider,spider,1
6732530.jpg,spider,spider,1
5242764.jpg,spider,spider,1
1708179.jpg,horse,horse,1
8386902.jpg,horse,horse,1
9076784.jpg,horse,horse,1
3582132.jpg,cow,cow,1
8442716.jpg,cow,cow,1
5525003.jpg,horse,horse,1
1782081.jpg,cow,cow,1
2304219.jpg,spider,spider,1
7531141.jpg,horse,horse,1
3332496.jpg,horse,horse,1
9603395.jpg,spider,spider,1
3509868.jpg,elephant,elephant,1
4569691.jpg,cow,cow,1
8404958.jpg,cow,cow,1
4551454.jpg,cow,cow,1
3428124.jpg,horse,horse,1
3092908.jpg,cow,cow,1
9007586.jpg,spider,spider,1
1833643.jpg,horse,horse,1
8085848.jpg,cow,cow,1
6534264.jpg,horse,horse,1
9008689.jpg,elephant,elephant,1
5333572.jpg,spider,spider,1
3573068.jpg,cow,cow,1
9388958.jpg,spider,spider,1
3670283.jpg,elephant,elephant,1
3433316.jpg,horse,horse,1
2474823.jpg,spider,spider,1
3670718.jpg,cow,cow,1
4474213.jpg,horse,horse,1
9356201.jpg,horse,horse,1
6458180.jpg,cow,cow,1
6844120.jpg,horse,horse,1
4187622.jpg,spider,spider,1
6657237.jpg,spider,spider,1
9156285.jpg,spider,spider,1
4949255.jpg,spider,spider,1
5664352.jpg,elephant,elephant,1
1962815.jpg,spider,spider,1
8913259.jpg,spider,spider,1
5407164.jpg,cow,cow,1
3842459.jpg,horse,horse,1
2916453.jpg,horse,horse,1
9853527.jpg,elephant,elephant,1
1377461.jpg,spider,spider,1
4062178.jpg,horse,horse,1
8327749.jpg,elephant,elephant,1
8448894.jpg,horse,horse,1
6874084.jpg,spider,spider,1
8212719.jpg,horse,horse,1
5653228.jpg,horse,horse,1
7645555.jpg,horse,horse,1
6542815.jpg,spider,spider,1
1489241.jpg,horse,horse,1
6093049.jpg,elephant,elephant,1
7008140.jpg,horse,horse,1
8728896.jpg,spider,spider,1
6346343.jpg,elephant,elephant,1
2817229.jpg,horse,horse,1
8309846.jpg,spider,spider,1
2590903.jpg,cow,cow,1
4593612.jpg,spider,spider,1
4829075.jpg,spider,spider,1
9119734.jpg,horse,horse,1
3539884.jpg,cow,cow,1
3010993.jpg,elephant,elephant,1
8776295.jpg,horse,horse,1
3417238.jpg,horse,horse,1
4607020.jpg,elephant,elephant,1
3750861.jpg,horse,horse,1
3625554.jpg,elephant,elephant,1
9583370.jpg,horse,horse,1
6351830.jpg,elephant,elephant,1
3203994.jpg,cow,cow,1
5888237.jpg,spider,spider,1
3739627.jpg,horse,horse,1
9426096.jpg,horse,horse,1
3967587.jpg,horse,horse,1
4069373.jpg,spider,spider,1
9992025.jpg,elephant,elephant,1
4417328.jpg,cow,cow,1
3785899.jpg,cow,cow,1
9002260.jpg,horse,horse,1
2857989.jpg,horse,horse,1
9303878.jpg,cow,cow,1
9186612.jpg,spider,spider,1
7312567.jpg,cow,cow,1
4827886.jpg,horse,horse,1
9934812.jpg,horse,horse,1
4127020.jpg,horse,horse,1
3665776.jpg,cow,cow,1
2626572.jpg,spider,spider,1
1225904.jpg,cow,cow,1
4776961.jpg,spider,spider,1
5274064.jpg,cow,cow,1
7772925.jpg,horse,horse,1
2651088.jpg,spider,spider,1
7702554.jpg,horse,horse,1
6593447.jpg,horse,horse,1
4189091.jpg,horse,horse,1
9658679.jpg,horse,horse,1
3519836.jpg,spider,spider,1
3088300.jpg,cow,cow,1
1286507.jpg,cow,cow,1
2363971.jpg,cow,cow,1
6578357.jpg,elephant,elephant,1
4890427.jpg,cow,cow,1
1209008.jpg,spider,spider,1
5288793.jpg,cow,cow,1
3455354.jpg,cow,cow,1
7649226.jpg,cow,cow,1
7836969.jpg,elephant,elephant,1
9089911.jpg,spider,spider,1
7254916.jpg,horse,horse,1
1257149.jpg,cow,cow,1
8118306.jpg,cow,cow,1
8191536.jpg,spider,spider,1
4816694.jpg,spider,spider,1
8847068.jpg,cow,cow,1
8799319.jpg,horse,horse,1
1098025.jpg,horse,horse,1
4721353.jpg,horse,horse,1
1696535.jpg,spider,spider,1
3892269.jpg,horse,horse,1
9520009.jpg,elephant,elephant,1
2575805.jpg,elephant,elephant,1
4239502.jpg,horse,horse,1
9511001.jpg,horse,horse,1
3580743.jpg,spider,spider,1
1213290.jpg,cow,cow,1
4953860.jpg,elephant,elephant,1
4563480.jpg,elephant,elephant,1
7301526.jpg,cow,cow,1
6622553.jpg,elephant,elephant,1
6777208.jpg,spider,spider,1
1831807.jpg,cow,cow,1
7578335.jpg,elephant,elephant,1
3315885.jpg,elephant,elephant,1
6049988.jpg,cow,cow,1
2344707.jpg,cow,cow,1
6333078.jpg,horse,horse,1
3329615.jpg,cow,cow,1
3306184.jpg,spider,spider,1
6817913.jpg,spider,spider,1
7768175.jpg,cow,cow,1
4517249.jpg,elephant,elephant,1
6127062.jpg,elephant,elephant,1
2211276.jpg,cow,cow,1
1246118.jpg,horse,horse,1
7481592.jpg,cow,cow,1
5114463.jpg,cow,cow,1
5493937.jpg,elephant,elephant,1
7643643.jpg,horse,horse,1
1794281.jpg,spider,spider,1
1942590.jpg,spider,spider,1
6680253.jpg,horse,horse,1
8686403.jpg,horse,horse,1
3447181.jpg,horse,horse,1
4662450.jpg,spider,spider,1
2679498.jpg,horse,horse,1
2131877.jpg,cow,cow,1
3212481.jpg,elephant,elephant,1
7209230.jpg,cow,cow,1
9531702.jpg,cow,cow,1
9586962.jpg,spider,spider,1
7574080.jpg,horse,horse,1
9640141.jpg,spider,spider,1
7473935.jpg,horse,horse,1
5028401.jpg,spider,spider,1
3917315.jpg,elephant,elephant,1
5547231.jpg,horse,horse,1
4103591.jpg,horse,horse,1
8668241.jpg,horse,horse,1
5498690.jpg,spider,spider,1
2538481.jpg,cow,cow,1
9453608.jpg,cow,cow,1
7614725.jpg,cow,cow,1
1230926.jpg,horse,horse,1
9749824.jpg,spider,spider,1
3983776.jpg,cow,cow,1
5099584.jpg,spider,spider,1
1027945.jpg,horse,horse,1
1529547.jpg,spider,spider,1
8009619.jpg,spider,spider,1
6680721.jpg,elephant,elephant,1
4857543.jpg,cow,cow,1
6659040.jpg,horse,horse,1
7891646.jpg,cow,cow,1
6100420.jpg,horse,horse,1
2400452.jpg,horse,horse,1
7335078.jpg,cow,cow,1
2450503.jpg,spider,spider,1
1032347.jpg,cow,cow,1
1939295.jpg,cow,cow,1
4298331.jpg,spider,spider,1
5746593.jpg,spider,spider,1
1012134.jpg,spider,spider,1
7624221.jpg,spider,spider,1
2464711.jpg,elephant,elephant,1
8464992.jpg,elephant,elephant,1
3898593.jpg,spider,spider,1
8461801.jpg,cow,cow,1
1497450.jpg,horse,horse,1
2142284.jpg,elephant,elephant,1
2349369.jpg,cow,cow,1
1733362.jpg,cow,cow,1
8331712.jpg,spider,spider,1
7523910.jpg,horse,horse,1
2054155.jpg,spider,spider,1
1747150.jpg,horse,horse,1
8257454.jpg,horse,horse,1
9384243.jpg,horse,horse,1
6417963.jpg,horse,horse,1
9120565.jpg,elephant,elephant,1
4792616.jpg,elephant,elephant,1
5064781.jpg,cow,cow,1
2954925.jpg,horse,horse,1
2627336.jpg,spider,spider,1
7613895.jpg,cow,cow,1
7811457.jpg,spider,spider,1
4329538.jpg,horse,horse,1
7613665.jpg,cow,cow,1
9870505.jpg,elephant,elephant,1
5336057.jpg,horse,horse,1
2142722.jpg,spider,spider,1
6842483.jpg,cow,cow,1
5210735.jpg,cow,cow,1
7831036.jpg,spider,spider,1
8577509.jpg,elephant,elephant,1
5960825.jpg,spider,spider,1
4260460.jpg,cow,cow,1
4849146.jpg,horse,horse,1
2467594.jpg,elephant,elephant,1
9062569.jpg,spider,spider,1
5447608.jpg,elephant,elephant,1
3854167.jpg,spider,spider,1
6027129.jpg,horse,horse,1
6821332.jpg,cow,cow,1
6080396.jpg,horse,horse,1
7647787.jpg,horse,horse,1
8231277.jpg,elephant,elephant,1
4177629.jpg,horse,horse,1
8418247.jpg,spider,spider,1
2497049.jpg,elephant,elephant,1
8136403.jpg,horse,horse,1
3600098.jpg,elephant,elephant,1
1824158.jpg,cow,cow,1
6275576.jpg,horse,horse,1
5848207.jpg,cow,cow,1
8122112.jpg,cow,cow,1
7648715.jpg,elephant,elephant,1
3801238.jpg,cow,cow,1
7435791.jpg,spider,spider,1
1717174.jpg,spider,spider,1
7655963.jpg,cow,cow,1
7989593.jpg,spider,spider,1
2202584.jpg,horse,horse,1
2897629.jpg,horse,horse,1
2284093.jpg,spider,spider,1
4171884.jpg,spider,spider,1
5302523.jpg,horse,horse,1
3321074.jpg,horse,horse,1
6395469.jpg,spider,spider,1
5480757.jpg,spider,spider,1
9146752.jpg,spider,spider,1
7074270.jpg,horse,horse,1
2262506.jpg,cow,cow,1
4949220.jpg,cow,cow,1
2293266.jpg,horse,horse,1
6207866.jpg,cow,cow,1
1940380.jpg,elephant,elephant,1
6073187.jpg,horse,horse,1
2323599.jpg,cow,cow,1
1962135.jpg,horse,horse,1
2502283.jpg,cow,cow,1
3809462.jpg,horse,horse,1
1283096.jpg,cow,cow,1
3886151.jpg,cow,cow,1
5160642.jpg,horse,horse,1
6690292.jpg,elephant,elephant,1
9567027.jpg,elephant,elephant,1
7345217.jpg,elephant,elephant,1
9278348.jpg,cow,cow,1
1976381.jpg,cow,cow,1
4590447.jpg,elephant,elephant,1
1560618.jpg,spider,spider,1
9397831.jpg,horse,horse,1
2950825.jpg,cow,cow,1
3232597.jpg,horse,horse,1
1621159.jpg,elephant,elephant,1
2190304.jpg,elephant,elephant,1
4171260.jpg,spider,spider,1
8382091.jpg,horse,horse,1
1323340.jpg,horse,horse,1
2660290.jpg,horse,horse,1
8797131.jpg,horse,horse,1
3365236.jpg,horse,horse,1
2473532.jpg,spider,spider,1
7041624.jpg,horse,horse,1
5245283.jpg,elephant,elephant,1
5919474.jpg,horse,horse,1
3870980.jpg,horse,horse,1
2964362.jpg,cow,cow,1
7040274.jpg,spider,spider,1
9257208.jpg,horse,horse,1
7307187.jpg,horse,horse,1
1617776.jpg,spider,spider,1
1711307.jpg,cow,cow,1
3472713.jpg,horse,horse,1
3705537.jpg,spider,spider,1
8481270.jpg,spider,spider,1
6209903.jpg,cow,cow,1
3171774.jpg,spider,spider,1
2273594.jpg,cow,cow,1
3326858.jpg,spider,spider,1
8075112.jpg,spider,spider,1
3667403.jpg,elephant,elephant,1
4634942.jpg,horse,horse,1
2722505.jpg,horse,horse,1
8467904.jpg,cow,cow,1
5684371.jpg,horse,horse,1
1723439.jpg,horse,horse,1
2700940.jpg,elephant,elephant,1
7477389.jpg,horse,horse,1
1532229.jpg,horse,horse,1
6612680.jpg,horse,horse,1
7687940.jpg,cow,cow,1
5713958.jpg,horse,horse,1
8560058.jpg,cow,cow,1
3957669.jpg,spider,spider,1
4943863.jpg,cow,cow,1
8670581.jpg,cow,cow,1
1152702.jpg,horse,horse,1
9549244.jpg,elephant,elephant,1
3421809.jpg,cow,cow,1
8939942.jpg,cow,cow,1
4399759.jpg,cow,cow,1
2291921.jpg,spider,spider,1
1906707.jpg,elephant,elephant,1
6400758.jpg,cow,cow,1
7813090.jpg,spider,spider,1
7544541.jpg,spider,spider,1
5454117.jpg,spider,spider,1
7043797.jpg,cow,cow,1
5925415.jpg,cow,cow,1
7897233.jpg,spider,spider,1
4803116.jpg,cow,cow,1
8737557.jpg,spider,spider,1
3126215.jpg,spider,spider,1
7984515.jpg,cow,cow,1
8221854.jpg,horse,horse,1
7198756.jpg,horse,horse,1
2260106.jpg,horse,horse,1
4927711.jpg,spider,spider,1
3149611.jpg,horse,horse,1
7035013.jpg,cow,cow,1
3387488.jpg,spider,spider,1
3431944.jpg,elephant,elephant,1
1265937.jpg,spider,spider,1
8308020.jpg,spider,spider,1
1417136.jpg,spider,spider,1
3328900.jpg,cow,cow,1
1395346.jpg,spider,spider,1
5626840.jpg,cow,cow,1
7289387.jpg,cow,cow,1
3359135.jpg,horse,horse,1
3830989.jpg,cow,cow,1
6797926.jpg,cow,cow,1
8528140.jpg,spider,spider,1
9246925.jpg,cow,cow,1
7138045.jpg,horse,horse,1
8168791.jpg,cow,cow,1
4908294.jpg,spider,spider,1
1065796.jpg,cow,cow,1
4042291.jpg,elephant,elephant,1
3746592.jpg,horse,horse,1
3646586.jpg,horse,horse,1
4541590.jpg,horse,horse,1
8249730.jpg,horse,horse,1
2845783.jpg,horse,horse,1
5129094.jpg,spider,spider,1
9872275.jpg,elephant,elephant,1
8168008.jpg,spider,spider,1
2718937.jpg,cow,cow,1
1452468.jpg,spider,spider,1
2267657.jpg,elephant,elephant,1
3546933.jpg,spider,spider,1
1041436.jpg,cow,cow,1
4035569.jpg,cow,cow,1
8185180.jpg,elephant,elephant,1
2551627.jpg,elephant,elephant,1
2597714.jpg,spider,spider,1
1434316.jpg,cow,cow,1
6137301.jpg,spider,spider,1
1854731.jpg,spider,spider,1
1899964.jpg,spider,spider,1
9942956.jpg,spider,spider,1
1171318.jpg,spider,spider,1
4708538.jpg,spider,spider,1
2916091.jpg,spider,spider,1
9161073.jpg,spider,spider,1
8232962.jpg,cow,cow,1
3324731.jpg,spider,spider,1
4914087.jpg,horse,horse,1
4644295.jpg,spider,spider,1
5806796.jpg,horse,horse,1
9281498.jpg,cow,cow,1
9904254.jpg,horse,horse,1
6109947.jpg,elephant,elephant,1
5426742.jpg,horse,horse,1
2099848.jpg,cow,cow,1
8297892.jpg,cow,cow,1
4991066.jpg,horse,horse,1
9215548.jpg,horse,horse,1
9022348.jpg,cow,cow,1
1389157.jpg,spider,spider,1
5629392.jpg,spider,spider,1
3506721.jpg,spider,spider,1
1570964.jpg,cow,cow,1
6023611.jpg,spider,spider,1
3056336.jpg,horse,horse,1
2376411.jpg,horse,horse,1
8269218.jpg,horse,horse,1
4299558.jpg,spider,spider,1
1647631.jpg,spider,spider,1
6783818.jpg,cow,cow,1
3878689.jpg,cow,cow,1
1007728.jpg,spider,spider,1
9384046.jpg,elephant,elephant,1
9982597.jpg,spider,spider,1
3315710.jpg,spider,spider,1
6619271.jpg,horse,horse,1
2249408.jpg,elephant,elephant,1
5357849.jpg,horse,horse,1
5172495.jpg,spider,spider,1
1910166.jpg,horse,horse,1
3309488.jpg,spider,spider,1
9450925.jpg,cow,cow,1
7125363.jpg,spider,spider,1
1720537.jpg,elephant,elephant,1
6141447.jpg,elephant,elephant,1
9857584.jpg,horse,horse,1
5745670.jpg,horse,horse,1
8226679.jpg,horse,horse,1
9508384.jpg,cow,cow,1
5301548.jpg,cow,cow,1
2001231.jpg,horse,horse,1
9214290.jpg,spider,spider,1
1751443.jpg,horse,horse,1
7913332.jpg,cow,cow,1
9585507.jpg,horse,horse,1
6506921.jpg,horse,horse,1
5229993.jpg,spider,spider,1
8240098.jpg,horse,horse,1
7504576.jpg,spider,spider,1
3844992.jpg,cow,cow,1
9117245.jpg,spider,spider,1
6960744.jpg,cow,cow,1
9631973.jpg,elephant,elephant,1
9141765.jpg,spider,spider,1
1071906.jpg,spider,spider,1
5783596.jpg,spider,spider,1
5353756.jpg,elephant,elephant,1
6090593.jpg,cow,cow,1
